Workbook

Sheet 00_Instrukcja
A1: Plan badań EcoGeneratora Power Protect 13 kW 3F
A2: Skoroszyt do dobowego testu pracy, FAT i rejestracji parametrów
A4: Cel badania | B4: Sprawdzenie stabilności pracy hybrydowego generatora 13 kW pod profilem dobowym klienta oraz w kontrolowanych zdarzeniach: piki obciążenia, asymetria faz, niski SOC, start agregatu, ładowanie BESS, E-STOP, PV i praca bez ręcznej obsługi nocnej.
A5: Najważniejsza zasada | B5: Maksymalna moc badanego EcoGeneratora to 13 kW. Obciążnica może mieć większy zapas, ale nie jest to cel testu. Nocne godziny są tylko do automatycznego logowania; zdarzenia awaryjne i dolewanie paliwa planować w oknie dziennym.
A7: Kolejność pracy
A8: 1 | B8: Uzupełnij metryczkę i limity w arkuszu 01.
A9: 2 | B9: Przejdź przez checklistę bezpieczeństwa w arkuszu 02.
A10: 3 | B10: Zrealizuj profil dobowy z arkusza 03; kolumny Godzina doby i Obciążenie są bazą badania.
A11: 4 | B11: Na bieżąco wpisuj pomiary w arkuszu 04, minimum co godzinę oraz przy zdarzeniach.
A12: 5 | B12: Zapisuj paliwo, alarmy i temperatury szczególne w arkuszu 05.
A13: 6 | B13: Wykonaj scenariusze FAT z arkuszy 06-09 tylko w godzinach obsługi dziennej.
A14: 7 | B14: Podsumuj wynik w arkuszu 10.
A17: Źródła założeń
A18: • | B18: Badanie_generatora_13kW.docx: pomiary U, I, f, P, S, cosφ, temperatura, spadek napięcia, stopnie 0/25/50/75/100%.
A19: • | B19: Scenariusze testów GG: tryby BESS/falownik/agregat/PV, asymetria, niski SOC, E-STOP, 24h profil pracy.
A20: • | B20: Protokół FAT: struktura metryczki, checklist, rejestr próbek, alarmy, wnioski końcowe.
A21: • | B21: Prospekt i prezentacje: EG 13 kW, PV ok. 2,46 kWp, BESS ok. 20 kWh, backup agregat 13 kW, monitoring 24/7, tryb cichy nocą.

Sheet 01_Metryczka_limity
A1: Metryczka urządzenia i limity badania
A2: Pole | B2: Wartość | C2: Pole | D2: Wartość
A3: Data badania | C3: Miejsce badania
A4: Osoba prowadząca | C4: Kwalifikacje / uprawnienia
A5: Wersja firmware falownika | C5: Wersja BMS / sterownika
A6: PV | B6: ok. 2,46 kWp / do uzupełnienia | C6: Magazyn energii | D6: ok. 20 kWh / do uzupełnienia
A7: Agregat backup | B7: 13 kW / do uzupełnienia | C7: Paliwo | D7: benzyna / diesel / metanol / inne
A8: Obciążnica | B8: rezystancyjna, fazy osobno | C8: Limit testu | D8: 13 kW EcoGeneratora
A11: Limity robocze i punkty odniesienia
A12: Parametr | B12: Wartość | C12: Jednostka | D12: Uwagi
A13: Moc znamionowa | B13: 13 | C13: kW | D13: Nie przekraczać bez zgody konstruktora
A14: 25% mocy | B14: =ROUND($B$12*25%,2) | C14: kW | D14: ok. 3,25 kW
A15: 50% mocy | B15: =ROUND($B$12*50%,2) | C15: kW | D15: ok. 6,50 kW
A16: 75% mocy | B16: =ROUND($B$12*75%,2) | C16: kW | D16: ok. 9,75 kW
A17: 100% mocy | B17: =ROUND($B$12,2) | C17: kW | D17: 13 kW
A18: Moc na fazę przy 100% | B18: =ROUND($B$12/3,2) | C18: kW/faza | D18: obciążenie symetryczne
A19: Napięcie fazowe nominalne | B19: 230 | C19: V L-N | D19: kontrola każdej fazy
A20: Napięcie międzyfazowe nominalne | B20: 400 | C20: V L-L | D20: kontrola par faz
A21: Częstotliwość nominalna | B21: 50 | C21: Hz | D21: rejestrować min/max
A22: Prąd orientacyjny 3F cosφ=1 | B22: =ROUND(13000/(SQRT(3)*400),1) | C22: A/faza | D22: ok. 18,8 A
A23: Prąd orientacyjny 3F cosφ=0,8 | B23: =ROUND(13000/(SQRT(3)*400*0.8),1) | C23: A/faza | D23: ok. 23,5 A

Sheet 02_Checklista
A1: Checklisty bezpieczeństwa i gotowości
A2: Etap | B2: Nr | C2: Kontrola | D2: Wymaganie / sposób sprawdzenia | E2: OK | F2: NOK | G2: N/D | H2: Uwagi / dowód
A3: Przed startem | B3: 1 | C3: Dokumentacja | D3: DTR, schemat, BOM, nastawy falownika/BMS/agregatu dostępne na stanowisku
A4: Przed startem | B4: 2 | C4: Identyfikacja | D4: SN urządzenia, falownika, BESS, agregatu i firmware wpisane w metryczkę
A5: Przed startem | B5: 3 | C5: PE/uziemienie | D5: Ciągłość PE i ochrona przeciwporażeniowa sprawdzona wg procedury
A6: Przed startem | B6: 4 | C6: Okablowanie | D6: Przekroje, izolacja, wtyki, brak zwiniętych przewodów pod obciążeniem
A7: Przed startem | B7: 5 | C7: Obciążnica | D7: Wentylacja, wyrzut gorącego powietrza, stabilne ustawienie, brak uszkodzeń
A8: Przed startem | B8: 6 | C8: Agregat | D8: Paliwo, olej, brak wycieków, odprowadzenie spalin, dostępny E-STOP
A9: Przed startem | B9: 7 | C9: BESS/BMS | D9: SOC startowy, temperatury, komunikacja, brak alarmów aktywnych
A10: W trakcie | B10: 8 | C10: Rejestrator | D10: Analizator/logi zapisują U/I/P/Hz/SOC/PV/agregat/alarmy
A11: W trakcie | B11: 9 | C11: Termika | D11: Kontrola falownika, BESS, komory agregatu, spalin i przewodów
A12: W trakcie | B12: 10 | C12: Granice mocy | D12: Nie przekraczać 13 kW sumarycznie bez decyzji konstruktora
A13: Po teście | B13: 11 | C13: Wyłączenie | D13: Bezpieczne odłączenie obciążnicy, schłodzenie, zapis logów i zdjęć

Sheet 03_Plan_dobowy
A1: Dobowy profil obciążenia i zdarzeń
A2: Godzina doby | B2: Przedział | C2: Obciążenie planowane [kW] | D2: Obciążenie [% 13 kW] | E2: Tryb oczekiwany | F2: Obsługa człowieka | G2: Zdarzenie testowe | H2: Pik [kW] | I2: Czas piku [min] | J2: PV oczek. [kW] | K2: Agregat oczek. | L2: Uwagi
A3: 0 | B3: 00:00-01:00 | C3: 2 | D3: =C3/13 | E3: BESS / tryb cichy | F3: automatyczny zapis danych; bez obsługi nocnej | J3: 0 | K3: OFF / standby
A4: 1 | B4: 01:00-02:00 | C4: 1 | D4: =C4/13 | E4: BESS / tryb cichy | F4: automatyczny zapis danych; bez obsługi nocnej | J4: 0 | K4: OFF / standby
A5: 2 | B5: 02:00-03:00 | C5: 1 | D5: =C5/13 | E5: BESS / tryb cichy | F5: automatyczny zapis danych; bez obsługi nocnej | J5: 0 | K5: OFF / standby
A6: 3 | B6: 03:00-04:00 | C6: 1 | D6: =C6/13 | E6: BESS / tryb cichy | F6: automatyczny zapis danych; bez obsługi nocnej | J6: 0 | K6: OFF / standby
A7: 4 | B7: 04:00-05:00 | C7: 1 | D7: =C7/13 | E7: BESS / tryb cichy | F7: automatyczny zapis danych; bez obsługi nocnej | J7: 0 | K7: OFF / standby
A8: 5 | B8: 05:00-06:00 | C8: 1 | D8: =C8/13 | E8: BESS / tryb cichy | F8: automatyczny zapis danych; bez obsługi nocnej | J8: 0 | K8: OFF / standby
A9: 6 | B9: 06:00-07:00 | C9: 1 | D9: =C9/13 | E9: przejście / stabilizacja | F9: automatyczny zapis danych; bez obsługi nocnej | J9: 0 | K9: OFF / standby
A10: 7 | B10: 07:00-08:00 | C10: 4 | D10: =C10/13 | E10: przejście / stabilizacja | F10: obsługa dzienna / ręczny nadzór | G10: kontrola poranna, cold start, sprawdzenie logów nocnych | J10: 0 | K10: OFF / standby
A11: 8 | B11: 08:00-09:00 | C11: 4 | D11: =C11/13 | E11: PV + BESS / falownik | F11: obsługa dzienna / ręczny nadzór | J11: 0 | K11: OFF / standby
A12: 9 | B12: 09:00-10:00 | C12: 4 | D12: =C12/13 | E12: PV + BESS / falownik | F12: obsługa dzienna / ręczny nadzór | G12: pik 13 kW przez 3 min; zapis U/I/Hz/SOC przed-w trakcie-po | H12: 13 | I12: 3 | J12: 1.5 | K12: OFF / standby
A13: 10 | B13: 10:00-11:00 | C13: 2 | D13: =C13/13 | E13: PV + BESS / falownik | F13: obsługa dzienna / ręczny nadzór | J13: 1.5 | K13: OFF / standby
A14: 11 | B14: 11:00-12:00 | C14: 2 | D14: =C14/13 | E14: PV + BESS / falownik | F14: obsługa dzienna / ręczny nadzór | G14: test priorytetu PV/BESS; obserwacja ładowania | J14: 1.5 | K14: OFF / standby
A15: 12 | B15: 12:00-13:00 | C15: 2 | D15: =C15/13 | E15: PV + BESS / falownik | F15: obsługa dzienna / ręczny nadzór | J15: 1.5 | K15: OFF / standby
A16: 13 | B16: 13:00-14:00 | C16: 2 | D16: =C16/13 | E16: PV + BESS / falownik | F16: obsługa dzienna / ręczny nadzór | J16: 1.5 | K16: OFF / standby
A17: 14 | B17: 14:00-15:00 | C17: 4 | D17: =C17/13 | E17: PV + BESS / falownik | F17: obsługa dzienna / ręczny nadzór | G17: test asymetrii faz L1/L2/L3 bez przekroczeń limitu | J17: 1.5 | K17: OFF / standby
A18: 15 | B18: 15:00-16:00 | C18: 4 | D18: =C18/13 | E18: PV + BESS / falownik | F18: obsługa dzienna / ręczny nadzór | J18: 1.5 | K18: OFF / standby
A19: 16 | B19: 16:00-17:00 | C19: 3 | D19: =C19/13 | E19: BESS + ewentualny agregat | F19: obsługa dzienna / ręczny nadzór | G19: symulacja niskiego SOC; start agregatu i ładowanie BESS | J19: 0 | K19: ON testowo
A20: 17 | B20: 17:00-18:00 | C20: 3 | D20: =C20/13 | E20: BESS + ewentualny agregat | F20: obsługa dzienna / ręczny nadzór | J20: 0 | K20: wg SOC
A21: 18 | B21: 18:00-19:00 | C21: 3 | D21: =C21/13 | E21: BESS + ewentualny agregat | F21: obsługa dzienna / ręczny nadzór | G21: E-STOP, restart kontrolowany, potwierdzenie braku samoczynnego startu | J21: 0 | K21: wg SOC
A22: 19 | B22: 19:00-20:00 | C22: 3 | D22: =C22/13 | E22: przejście / stabilizacja | F22: obsługa dzienna / ręczny nadzór | J22: 0 | K22: OFF / standby
A23: 20 | B23: 20:00-21:00 | C23: 2 | D23: =C23/13 | E23: BESS / tryb cichy | F23: automatyczny zapis danych; bez obsługi nocnej | J23: 0 | K23: OFF / standby
A24: 21 | B24: 21:00-22:00 | C24: 2 | D24: =C24/13 | E24: BESS / tryb cichy | F24: automatyczny zapis danych; bez obsługi nocnej | J24: 0 | K24: OFF / standby
A25: 22 | B25: 22:00-23:00 | C25: 2 | D25: =C25/13 | E25: BESS / tryb cichy | F25: automatyczny zapis danych; bez obsługi nocnej | J25: 0 | K25: OFF / standby
A26: 23 | B26: 23:00-00:00 | C26: 2 | D26: =C26/13 | E26: BESS / tryb cichy | F26: automatyczny zapis danych; bez obsługi nocnej | J26: 0 | K26: OFF / standby

Sheet 04_Rejestr_pomiarow
A1: Rejestr pomiarów godzinowych i próbek dodatkowych
A2: Data | B2: Godzina doby | C2: Czas próbki | D2: Obciążenie plan [kW] | E2: Obciążenie rzeczyw. [kW] | F2: L1 kW | G2: L2 kW | H2: L3 kW | I2: P suma [kW] | J2: U L1-N [V] | K2: U L2-N [V] | L2: U L3-N [V] | M2: U L-L min [V] | N2: U L-L max [V] | O2: I L1 [A] | P2: I L2 [A] | Q2: I L3 [A] | R2: Hz | S2: cosφ | T2: kVA | U2: THD U [%] | V2: SOC [%] | W2: PV [kW] | X2: Agregat | Y2: Ładowanie BESS [kW] | Z2: Paliwo dodane [l] | AA2: Temp zewn. [°C] | AB2: Temp komora agregatu [°C] | AC2: Temp BESS [°C] | AD2: Temp falownika [°C] | AE2: Temp spalin [°C] | AF2: Hałas [dB(A)] | AG2: Alarmy / uwagi | AH2: Wynik
B3: 0 | C3: 00:00 | D3: ='03_Plan_dobowy'!C3 | I3: =SUM(F3:H3)
B4: 1 | C4: 01:00 | D4: ='03_Plan_dobowy'!C4 | I4: =SUM(F4:H4)
B5: 2 | C5: 02:00 | D5: ='03_Plan_dobowy'!C5 | I5: =SUM(F5:H5)
B6: 3 | C6: 03:00 | D6: ='03_Plan_dobowy'!C6 | I6: =SUM(F6:H6)
B7: 4 | C7: 04:00 | D7: ='03_Plan_dobowy'!C7 | I7: =SUM(F7:H7)
B8: 5 | C8: 05:00 | D8: ='03_Plan_dobowy'!C8 | I8: =SUM(F8:H8)
B9: 6 | C9: 06:00 | D9: ='03_Plan_dobowy'!C9 | I9: =SUM(F9:H9)
B10: 7 | C10: 07:00 | D10: ='03_Plan_dobowy'!C10 | I10: =SUM(F10:H10)
B11: 8 | C11: 08:00 | D11: ='03_Plan_dobowy'!C11 | I11: =SUM(F11:H11)
B12: 9 | C12: 09:00 | D12: ='03_Plan_dobowy'!C12 | I12: =SUM(F12:H12)
B13: 10 | C13: 10:00 | D13: ='03_Plan_dobowy'!C13 | I13: =SUM(F13:H13)
B14: 11 | C14: 11:00 | D14: ='03_Plan_dobowy'!C14 | I14: =SUM(F14:H14)
... B26: 23 | C26: 23:00 | D26: ='03_Plan_dobowy'!C26 | I26: =SUM(F26:H26)
I27: =SUM(F27:H27)
I28: =SUM(F28:H28)
I29: =SUM(F29:H29)
I30: =SUM(F30:H30)
I31: =SUM(F31:H31)
I32: =SUM(F32:H32)
I33: =SUM(F33:H33)
I34: =SUM(F34:H34)
I35: =SUM(F35:H35)
I36: =SUM(F36:H36)
I37: =SUM(F37:H37)
I38: =SUM(F38:H38)

Sheet 05_Zdarzenia_paliwo
A1: Rejestr paliwa, alarmów, temperatur i interwencji
A2: Data | B2: Godzina | C2: Typ wpisu | D2: Opis zdarzenia | E2: Obciążenie [kW] | F2: SOC [%] | G2: Paliwo przed [l] | H2: Paliwo dodane [l] | I2: Paliwo po [l] | J2: Temp / miejsce | K2: Osoba | L2: Dowód / plik / zdjęcie

Sheet 06_Doba_typowa
A1: Scenariusz A: profil dobowy klienta bez obsługi nocnej
A2: Krok | B2: Godzina | C2: Czas trwania | D2: Tryb | E2: Obciążenie [kW] | F2: L1/L2/L3 [kW] | G2: Warunek początkowy | H2: Co wykonać | I2: Oczekiwana reakcja | J2: Wynik | K2: Uwagi
A3: 1 | B3: 00:00-06:00 | C3: 6 h | D3: BESS / tryb cichy | E3: 2→1 | F3: sym. | G3: pełny zapis automatyczny | H3: Brak ręcznej obsługi; tylko logi i monitoring. | I3: Brak alarmów, stabilne U/f, brak pracy agregatu poza algorytmem.
A4: 2 | B4: 07:00 | C4: 30 min | D4: cold start / kontrola | E4: 4 | F4: sym. | G4: operator na miejscu | H4: Sprawdzić logi nocne, SOC, paliwo, temperatury, wentylację. | I4: Gotowość do testów dziennych.
A5: 3 | B5: 09:00 | C5: 3 min + 10 min obserwacji | D5: pik mocy | E5: 13 | F5: 4,33/4,33/4,33 | G5: stabilna praca 4 kW | H5: Wymusić pik 13 kW przez 3 minuty. | I5: Brak wyłączenia, akceptowalny spadek U/f, zapis reakcji.
A6: 4 | B6: 10:00-13:00 | C6: 4 h | D6: PV + BESS | E6: 2 | F6: sym. | G6: PV dostępne | H6: Obserwować priorytet PV i ładowanie BESS. | I6: Agregat nie startuje bez potrzeby, SOC zgodny z bilansem.
A7: 5 | B7: 16:00 | C7: 60 min | D7: niski SOC / agregat | E7: 3 | F7: sym. | G7: SOC zgodnie z procedurą | H7: Zasymulować próg startu agregatu lub wymusić tryb ładowania. | I7: Start agregatu, ładowanie BESS, odbiory mają priorytet.
A8: 6 | B8: 20:00-24:00 | C8: 4 h | D8: BESS / standby | E8: 2 | F8: sym. | G8: brak operatora | H8: Tylko automatyczne logowanie. | I8: Cicha praca, brak planowych interwencji nocnych.

Sheet 07_Testy_FAT
A1: Scenariusz B: FAT obciążeniowy dzienny 25/50/75/100%
A2: Krok | B2: Godzina | C2: Czas trwania | D2: Tryb | E2: Obciążenie [kW] | F2: L1/L2/L3 [kW] | G2: Warunek początkowy | H2: Co wykonać | I2: Oczekiwana reakcja | J2: Wynik | K2: Uwagi
A3: 1 | B3: 08:00 | C3: 15 min | D3: bez obciążenia | E3: 0 | F3: 0/0/0 | G3: urządzenie gotowe | H3: Start falownika bez obciążenia, zapis U/f/temperatur. | I3: Stabilizacja bez alarmów.
A4: 2 | B4: 08:30 | C4: 30 min | D4: 25% | E4: 3.25 | F4: 1,08/1,08/1,08 | G4: po stabilizacji | H4: Obciążenie symetryczne 25%. | I4: Stabilne napięcia i prądy.
A5: 3 | B5: 09:15 | C5: 30 min | D5: 50% | E5: 6.5 | F5: 2,17/2,17/2,17 | G5: po kroku 2 | H5: Obciążenie symetryczne 50%. | I5: Brak nadmiernego spadku U/f i wzrostu temperatur.
A6: 4 | B6: 10:00 | C6: 30 min | D6: 75% | E6: 9.75 | F6: 3,25/3,25/3,25 | G6: po kroku 3 | H6: Obciążenie symetryczne 75%. | I6: Reakcja falownika/BESS bez deratingu.
A7: 5 | B7: 10:45 | C7: 15 min | D7: 100% | E7: 13 | F7: 4,33/4,33/4,33 | G7: zatwierdzone przez prowadzącego | H7: Obciążenie 100% bez przekraczania 13 kW. | I7: Osiąga moc znamionową bez alarmów krytycznych.

Sheet 08_Asymetria_skoki
A1: Scenariusz C: asymetria faz i skoki obciążenia
A2: Krok | B2: Godzina | C2: Czas trwania | D2: Tryb | E2: Obciążenie [kW] | F2: L1/L2/L3 [kW] | G2: Warunek początkowy | H2: Co wykonać | I2: Oczekiwana reakcja | J2: Wynik | K2: Uwagi
A3: 1 | B3: 12:00 | C3: 15 min | D3: asymetria łagodna | E3: 4 | F3: 2/1/1 | G3: praca stabilna | H3: Ustawić nierówny rozkład faz. | I3: Falownik utrzymuje napięcia, brak alarmów przeciążenia fazy.
A4: 2 | B4: 12:30 | C4: 15 min | D4: asymetria budowa | E4: 5.5 | F4: 4/1/0,5 | G4: zgoda prowadzącego | H4: Profil kontenerów: L1 wysokie, L2 średnie, L3 niskie. | I4: System nie uszkadza prądnicy/agregatu, loguje asymetrię jeśli dotyczy.
A5: 3 | B5: 13:00 | C5: 3 min | D5: skok mocy | E5: 13 | F5: 4,33/4,33/4,33 | G5: bazowo 2-3 kW | H5: Nagły skok do 13 kW na 3 min. | I5: Czas powrotu U/f do stabilności zapisany.
A6: 4 | B6: 13:30 | C6: 15 min | D6: spadek obciążenia | E6: 1 | F6: 0,33/0,33/0,33 | G6: po skoku | H6: Szybki powrót do niskiego obciążenia. | I6: Brak oscylacji, brak błędów BMS/falownika.

Sheet 09_Awaryjne
A1: Scenariusz D: zabezpieczenia i sytuacje awaryjne w oknie dziennym
A2: Krok | B2: Godzina | C2: Czas trwania | D2: Tryb | E2: Obciążenie [kW] | F2: L1/L2/L3 [kW] | G2: Warunek początkowy | H2: Co wykonać | I2: Oczekiwana reakcja | J2: Wynik | K2: Uwagi
A3: 1 | B3: 14:30 | C3: 30 min | D3: E-STOP | E3: 2 | F3: sym. | G3: operator przy urządzeniu | H3: Wcisnąć E-STOP zgodnie z procedurą. | I3: Bezpieczne odcięcie, brak samoczynnego restartu, alarm w logach.
A4: 2 | B4: 15:15 | C4: 30 min | D4: restart kontrolowany | E4: 1 | F4: sym. | G4: po E-STOP | H4: Wykonać restart według instrukcji. | I4: Powrót do pracy po potwierdzeniu przez operatora.
A5: 3 | B5: 16:00 | C5: 60 min | D5: symulacja końca paliwa | E5: 3 | F5: sym. | G5: tylko jeśli bezpieczne | H5: Zasymulować niski poziom paliwa czujnikiem/procedurą, bez ryzykownego opróżniania instalacji. | I5: System alarmuje i przechodzi w stan bezpieczny.
A6: 4 | B6: 17:15 | C6: 30 min | D6: utrata komunikacji | E6: 2 | F6: sym. | G6: procedura fault injection | H6: Zasymulować utratę BMS-falownik tylko zgodnie z procedurą konstruktora. | I6: Falownik/BMS przechodzi w stan bezpieczny, jasny alarm.

Sheet 10_Podsumowanie
A1: Podsumowanie wyników i decyzja
A2: Obszar | B2: Ocena | C2: Najważniejsze obserwacje | D2: Działanie korygujące / decyzja
A3: Profil dobowy
A4: Stabilność napięcia i częstotliwości
A5: Praca z PV i magazynem energii
A6: Start i praca agregatu
A7: Piki 13 kW
A8: Asymetria faz
A9: E-STOP i restart
A10: Termika
A11: Paliwo i obsługa
A12: Alarmy / logi
A15: Decyzja końcowa | C15: Podpis prowadzącego
A17: Uwagi końcowe
